id,country_shortname,country_name,SQL
1,AF,Afghanistan,"insert into counties (country_shortname, country_name) values ('AD','Andorra');"
2,AL,Albania,"insert into counties (country_shortname, country_name) values ('AO','Angola');"
3,DZ,Algeria,"insert into counties (country_shortname, country_name) values ('AI','Anguilla');"
4,AS,American Samoa,"insert into counties (country_shortname, country_name) values ('AQ','Antarctica');"
5,AD,Andorra,"insert into counties (country_shortname, country_name) values ('AG','Antigua And Barbuda');"
6,AO,Angola,"insert into counties (country_shortname, country_name) values ('AR','Argentina');"
7,AI,Anguilla,"insert into counties (country_shortname, country_name) values ('AM','Armenia');"
8,AQ,Antarctica,"insert into counties (country_shortname, country_name) values ('AW','Aruba');"
9,AG,Antigua And Barbuda,"insert into counties (country_shortname, country_name) values ('AU','Australia');"
10,AR,Argentina,"insert into counties (country_shortname, country_name) values ('AT','Austria');"
11,AM,Armenia,"insert into counties (country_shortname, country_name) values ('AZ','Azerbaijan');"
12,AW,Aruba,"insert into counties (country_shortname, country_name) values ('BS','Bahamas The');"
13,AU,Australia,"insert into counties (country_shortname, country_name) values ('BH','Bahrain');"
14,AT,Austria,"insert into counties (country_shortname, country_name) values ('BD','Bangladesh');"
15,AZ,Azerbaijan,"insert into counties (country_shortname, country_name) values ('BB','Barbados');"
16,BS,Bahamas The,"insert into counties (country_shortname, country_name) values ('BY','Belarus');"
17,BH,Bahrain,"insert into counties (country_shortname, country_name) values ('BE','Belgium');"
18,BD,Bangladesh,"insert into counties (country_shortname, country_name) values ('BZ','Belize');"
19,BB,Barbados,"insert into counties (country_shortname, country_name) values ('BJ','Benin');"
20,BY,Belarus,"insert into counties (country_shortname, country_name) values ('BM','Bermuda');"
21,BE,Belgium,"insert into counties (country_shortname, country_name) values ('BT','Bhutan');"
22,BZ,Belize,"insert into counties (country_shortname, country_name) values ('BO','Bolivia');"
23,BJ,Benin,"insert into counties (country_shortname, country_name) values ('BA','Bosnia and Herzegovina');"
24,BM,Bermuda,"insert into counties (country_shortname, country_name) values ('BW','Botswana');"
25,BT,Bhutan,"insert into counties (country_shortname, country_name) values ('BV','Bouvet Island');"
26,BO,Bolivia,"insert into counties (country_shortname, country_name) values ('BR','Brazil');"
27,BA,Bosnia and Herzegovina,"insert into counties (country_shortname, country_name) values ('IO','British Indian Ocean Territory');"
28,BW,Botswana,"insert into counties (country_shortname, country_name) values ('BN','Brunei');"
29,BV,Bouvet Island,"insert into counties (country_shortname, country_name) values ('BG','Bulgaria');"
30,BR,Brazil,"insert into counties (country_shortname, country_name) values ('BF','Burkina Faso');"
31,IO,British Indian Ocean Territory,"insert into counties (country_shortname, country_name) values ('BI','Burundi');"
32,BN,Brunei,"insert into counties (country_shortname, country_name) values ('KH','Cambodia');"
33,BG,Bulgaria,"insert into counties (country_shortname, country_name) values ('CM','Cameroon');"
34,BF,Burkina Faso,"insert into counties (country_shortname, country_name) values ('CA','Canada');"
35,BI,Burundi,"insert into counties (country_shortname, country_name) values ('CV','Cape Verde');"
36,KH,Cambodia,"insert into counties (country_shortname, country_name) values ('KY','Cayman Islands');"
37,CM,Cameroon,"insert into counties (country_shortname, country_name) values ('CF','Central African Republic');"
38,CA,Canada,"insert into counties (country_shortname, country_name) values ('TD','Chad');"
39,CV,Cape Verde,"insert into counties (country_shortname, country_name) values ('CL','Chile');"
40,KY,Cayman Islands,"insert into counties (country_shortname, country_name) values ('CN','China');"
41,CF,Central African Republic,"insert into counties (country_shortname, country_name) values ('CX','Christmas Island');"
42,TD,Chad,"insert into counties (country_shortname, country_name) values ('CC','Cocos (Keeling) Islands');"
43,CL,Chile,"insert into counties (country_shortname, country_name) values ('CO','Colombia');"
44,CN,China,"insert into counties (country_shortname, country_name) values ('KM','Comoros');"
45,CX,Christmas Island,"insert into counties (country_shortname, country_name) values ('CG','Congo');"
46,CC,Cocos (Keeling) Islands,"insert into counties (country_shortname, country_name) values ('CD','Congo The Democratic Republic Of The');"
47,CO,Colombia,"insert into counties (country_shortname, country_name) values ('CK','Cook Islands');"
48,KM,Comoros,"insert into counties (country_shortname, country_name) values ('CR','Costa Rica');"
49,CG,Congo,"insert into counties (country_shortname, country_name) values ('CI','Cote D'Ivoire (Ivory Coast)');"
50,CD,Congo The Democratic Republic Of The,"insert into counties (country_shortname, country_name) values ('HR','Croatia (Hrvatska)');"
51,CK,Cook Islands,"insert into counties (country_shortname, country_name) values ('CU','Cuba');"
52,CR,Costa Rica,"insert into counties (country_shortname, country_name) values ('CY','Cyprus');"
53,CI,Cote D'Ivoire (Ivory Coast),"insert into counties (country_shortname, country_name) values ('CZ','Czech Republic');"
54,HR,Croatia (Hrvatska),"insert into counties (country_shortname, country_name) values ('DK','Denmark');"
55,CU,Cuba,"insert into counties (country_shortname, country_name) values ('DJ','Djibouti');"
56,CY,Cyprus,"insert into counties (country_shortname, country_name) values ('DM','Dominica');"
57,CZ,Czech Republic,"insert into counties (country_shortname, country_name) values ('DO','Dominican Republic');"
58,DK,Denmark,"insert into counties (country_shortname, country_name) values ('TP','East Timor');"
59,DJ,Djibouti,"insert into counties (country_shortname, country_name) values ('EC','Ecuador');"
60,DM,Dominica,"insert into counties (country_shortname, country_name) values ('EG','Egypt');"
61,DO,Dominican Republic,"insert into counties (country_shortname, country_name) values ('SV','El Salvador');"
62,TP,East Timor,"insert into counties (country_shortname, country_name) values ('GQ','Equatorial Guinea');"
63,EC,Ecuador,"insert into counties (country_shortname, country_name) values ('ER','Eritrea');"
64,EG,Egypt,"insert into counties (country_shortname, country_name) values ('EE','Estonia');"
65,SV,El Salvador,"insert into counties (country_shortname, country_name) values ('ET','Ethiopia');"
66,GQ,Equatorial Guinea,"insert into counties (country_shortname, country_name) values ('XA','External Territories of Australia');"
67,ER,Eritrea,"insert into counties (country_shortname, country_name) values ('FK','Falkland Islands');"
68,EE,Estonia,"insert into counties (country_shortname, country_name) values ('FO','Faroe Islands');"
69,ET,Ethiopia,"insert into counties (country_shortname, country_name) values ('FJ','Fiji Islands');"
70,XA,External Territories of Australia,"insert into counties (country_shortname, country_name) values ('FI','Finland');"
71,FK,Falkland Islands,"insert into counties (country_shortname, country_name) values ('FR','France');"
72,FO,Faroe Islands,"insert into counties (country_shortname, country_name) values ('GF','French Guiana');"
73,FJ,Fiji Islands,"insert into counties (country_shortname, country_name) values ('PF','French Polynesia');"
74,FI,Finland,"insert into counties (country_shortname, country_name) values ('TF','French Southern Territories');"
75,FR,France,"insert into counties (country_shortname, country_name) values ('GA','Gabon');"
76,GF,French Guiana,"insert into counties (country_shortname, country_name) values ('GM','Gambia The');"
77,PF,French Polynesia,"insert into counties (country_shortname, country_name) values ('GE','Georgia');"
78,TF,French Southern Territories,"insert into counties (country_shortname, country_name) values ('DE','Germany');"
79,GA,Gabon,"insert into counties (country_shortname, country_name) values ('GH','Ghana');"
80,GM,Gambia The,"insert into counties (country_shortname, country_name) values ('GI','Gibraltar');"
81,GE,Georgia,"insert into counties (country_shortname, country_name) values ('GR','Greece');"
82,DE,Germany,"insert into counties (country_shortname, country_name) values ('GL','Greenland');"
83,GH,Ghana,"insert into counties (country_shortname, country_name) values ('GD','Grenada');"
84,GI,Gibraltar,"insert into counties (country_shortname, country_name) values ('GP','Guadeloupe');"
85,GR,Greece,"insert into counties (country_shortname, country_name) values ('GU','Guam');"
86,GL,Greenland,"insert into counties (country_shortname, country_name) values ('GT','Guatemala');"
87,GD,Grenada,"insert into counties (country_shortname, country_name) values ('XU','Guernsey and Alderney');"
88,GP,Guadeloupe,"insert into counties (country_shortname, country_name) values ('GN','Guinea');"
89,GU,Guam,"insert into counties (country_shortname, country_name) values ('GW','Guinea-Bissau');"
90,GT,Guatemala,"insert into counties (country_shortname, country_name) values ('GY','Guyana');"
91,XU,Guernsey and Alderney,"insert into counties (country_shortname, country_name) values ('HT','Haiti');"
92,GN,Guinea,"insert into counties (country_shortname, country_name) values ('HM','Heard and McDonald Islands');"
93,GW,Guinea-Bissau,"insert into counties (country_shortname, country_name) values ('HN','Honduras');"
94,GY,Guyana,"insert into counties (country_shortname, country_name) values ('HK','Hong Kong S.A.R.');"
95,HT,Haiti,"insert into counties (country_shortname, country_name) values ('HU','Hungary');"
96,HM,Heard and McDonald Islands,"insert into counties (country_shortname, country_name) values ('IS','Iceland');"
97,HN,Honduras,"insert into counties (country_shortname, country_name) values ('IN','India');"
98,HK,Hong Kong S.A.R.,"insert into counties (country_shortname, country_name) values ('ID','Indonesia');"
99,HU,Hungary,"insert into counties (country_shortname, country_name) values ('IR','Iran');"
100,IS,Iceland,"insert into counties (country_shortname, country_name) values ('IQ','Iraq');"
101,IN,India,"insert into counties (country_shortname, country_name) values ('IE','Ireland');"
102,ID,Indonesia,"insert into counties (country_shortname, country_name) values ('IL','Israel');"
103,IR,Iran,"insert into counties (country_shortname, country_name) values ('IT','Italy');"
104,IQ,Iraq,"insert into counties (country_shortname, country_name) values ('JM','Jamaica');"
105,IE,Ireland,"insert into counties (country_shortname, country_name) values ('JP','Japan');"
106,IL,Israel,"insert into counties (country_shortname, country_name) values ('XJ','Jersey');"
107,IT,Italy,"insert into counties (country_shortname, country_name) values ('JO','Jordan');"
108,JM,Jamaica,"insert into counties (country_shortname, country_name) values ('KZ','Kazakhstan');"
109,JP,Japan,"insert into counties (country_shortname, country_name) values ('KE','Kenya');"
110,XJ,Jersey,"insert into counties (country_shortname, country_name) values ('KI','Kiribati');"
111,JO,Jordan,"insert into counties (country_shortname, country_name) values ('KP','Korea North');"
112,KZ,Kazakhstan,"insert into counties (country_shortname, country_name) values ('KR','Korea South');"
113,KE,Kenya,"insert into counties (country_shortname, country_name) values ('KW','Kuwait');"
114,KI,Kiribati,"insert into counties (country_shortname, country_name) values ('KG','Kyrgyzstan');"
115,KP,Korea North,"insert into counties (country_shortname, country_name) values ('LA','Laos');"
116,KR,Korea South,"insert into counties (country_shortname, country_name) values ('LV','Latvia');"
117,KW,Kuwait,"insert into counties (country_shortname, country_name) values ('LB','Lebanon');"
118,KG,Kyrgyzstan,"insert into counties (country_shortname, country_name) values ('LS','Lesotho');"
119,LA,Laos,"insert into counties (country_shortname, country_name) values ('LR','Liberia');"
120,LV,Latvia,"insert into counties (country_shortname, country_name) values ('LY','Libya');"
121,LB,Lebanon,"insert into counties (country_shortname, country_name) values ('LI','Liechtenstein');"
122,LS,Lesotho,"insert into counties (country_shortname, country_name) values ('LT','Lithuania');"
123,LR,Liberia,"insert into counties (country_shortname, country_name) values ('LU','Luxembourg');"
124,LY,Libya,"insert into counties (country_shortname, country_name) values ('MO','Macau S.A.R.');"
125,LI,Liechtenstein,"insert into counties (country_shortname, country_name) values ('MK','Macedonia');"
126,LT,Lithuania,"insert into counties (country_shortname, country_name) values ('MG','Madagascar');"
127,LU,Luxembourg,"insert into counties (country_shortname, country_name) values ('MW','Malawi');"
128,MO,Macau S.A.R.,"insert into counties (country_shortname, country_name) values ('MY','Malaysia');"
129,MK,Macedonia,"insert into counties (country_shortname, country_name) values ('MV','Maldives');"
130,MG,Madagascar,"insert into counties (country_shortname, country_name) values ('ML','Mali');"
131,MW,Malawi,"insert into counties (country_shortname, country_name) values ('MT','Malta');"
132,MY,Malaysia,"insert into counties (country_shortname, country_name) values ('XM','Man (Isle of)');"
133,MV,Maldives,"insert into counties (country_shortname, country_name) values ('MH','Marshall Islands');"
134,ML,Mali,"insert into counties (country_shortname, country_name) values ('MQ','Martinique');"
135,MT,Malta,"insert into counties (country_shortname, country_name) values ('MR','Mauritania');"
136,XM,Man (Isle of),"insert into counties (country_shortname, country_name) values ('MU','Mauritius');"
137,MH,Marshall Islands,"insert into counties (country_shortname, country_name) values ('YT','Mayotte');"
138,MQ,Martinique,"insert into counties (country_shortname, country_name) values ('MX','Mexico');"
139,MR,Mauritania,"insert into counties (country_shortname, country_name) values ('FM','Micronesia');"
140,MU,Mauritius,"insert into counties (country_shortname, country_name) values ('MD','Moldova');"
141,YT,Mayotte,"insert into counties (country_shortname, country_name) values ('MC','Monaco');"
142,MX,Mexico,"insert into counties (country_shortname, country_name) values ('MN','Mongolia');"
143,FM,Micronesia,"insert into counties (country_shortname, country_name) values ('MS','Montserrat');"
144,MD,Moldova,"insert into counties (country_shortname, country_name) values ('MA','Morocco');"
145,MC,Monaco,"insert into counties (country_shortname, country_name) values ('MZ','Mozambique');"
146,MN,Mongolia,"insert into counties (country_shortname, country_name) values ('MM','Myanmar');"
147,MS,Montserrat,"insert into counties (country_shortname, country_name) values ('NA','Namibia');"
148,MA,Morocco,"insert into counties (country_shortname, country_name) values ('NR','Nauru');"
149,MZ,Mozambique,"insert into counties (country_shortname, country_name) values ('NP','Nepal');"
150,MM,Myanmar,"insert into counties (country_shortname, country_name) values ('AN','Netherlands Antilles');"
151,NA,Namibia,"insert into counties (country_shortname, country_name) values ('NL','Netherlands The');"
152,NR,Nauru,"insert into counties (country_shortname, country_name) values ('NC','New Caledonia');"
153,NP,Nepal,"insert into counties (country_shortname, country_name) values ('NZ','New Zealand');"
154,AN,Netherlands Antilles,"insert into counties (country_shortname, country_name) values ('NI','Nicaragua');"
155,NL,Netherlands The,"insert into counties (country_shortname, country_name) values ('NE','Niger');"
156,NC,New Caledonia,"insert into counties (country_shortname, country_name) values ('NG','Nigeria');"
157,NZ,New Zealand,"insert into counties (country_shortname, country_name) values ('NU','Niue');"
158,NI,Nicaragua,"insert into counties (country_shortname, country_name) values ('NF','Norfolk Island');"
159,NE,Niger,"insert into counties (country_shortname, country_name) values ('MP','Northern Mariana Islands');"
160,NG,Nigeria,"insert into counties (country_shortname, country_name) values ('NO','Norway');"
161,NU,Niue,"insert into counties (country_shortname, country_name) values ('OM','Oman');"
162,NF,Norfolk Island,"insert into counties (country_shortname, country_name) values ('PK','Pakistan');"
163,MP,Northern Mariana Islands,"insert into counties (country_shortname, country_name) values ('PW','Palau');"
164,NO,Norway,"insert into counties (country_shortname, country_name) values ('PS','Palestinian Territory Occupied');"
165,OM,Oman,"insert into counties (country_shortname, country_name) values ('PA','Panama');"
166,PK,Pakistan,"insert into counties (country_shortname, country_name) values ('PG','Papua new Guinea');"
167,PW,Palau,"insert into counties (country_shortname, country_name) values ('PY','Paraguay');"
168,PS,Palestinian Territory Occupied,"insert into counties (country_shortname, country_name) values ('PE','Peru');"
169,PA,Panama,"insert into counties (country_shortname, country_name) values ('PH','Philippines');"
170,PG,Papua new Guinea,"insert into counties (country_shortname, country_name) values ('PN','Pitcairn Island');"
171,PY,Paraguay,"insert into counties (country_shortname, country_name) values ('PL','Poland');"
172,PE,Peru,"insert into counties (country_shortname, country_name) values ('PT','Portugal');"
173,PH,Philippines,"insert into counties (country_shortname, country_name) values ('PR','Puerto Rico');"
174,PN,Pitcairn Island,"insert into counties (country_shortname, country_name) values ('QA','Qatar');"
175,PL,Poland,"insert into counties (country_shortname, country_name) values ('RE','Reunion');"
176,PT,Portugal,"insert into counties (country_shortname, country_name) values ('RO','Romania');"
177,PR,Puerto Rico,"insert into counties (country_shortname, country_name) values ('RU','Russia');"
178,QA,Qatar,"insert into counties (country_shortname, country_name) values ('RW','Rwanda');"
179,RE,Reunion,"insert into counties (country_shortname, country_name) values ('SH','Saint Helena');"
180,RO,Romania,"insert into counties (country_shortname, country_name) values ('KN','Saint Kitts And Nevis');"
181,RU,Russia,"insert into counties (country_shortname, country_name) values ('LC','Saint Lucia');"
182,RW,Rwanda,"insert into counties (country_shortname, country_name) values ('PM','Saint Pierre and Miquelon');"
183,SH,Saint Helena,"insert into counties (country_shortname, country_name) values ('VC','Saint Vincent And The Grenadines');"
184,KN,Saint Kitts And Nevis,"insert into counties (country_shortname, country_name) values ('WS','Samoa');"
185,LC,Saint Lucia,"insert into counties (country_shortname, country_name) values ('SM','San Marino');"
186,PM,Saint Pierre and Miquelon,"insert into counties (country_shortname, country_name) values ('ST','Sao Tome and Principe');"
187,VC,Saint Vincent And The Grenadines,"insert into counties (country_shortname, country_name) values ('SA','Saudi Arabia');"
188,WS,Samoa,"insert into counties (country_shortname, country_name) values ('SN','Senegal');"
189,SM,San Marino,"insert into counties (country_shortname, country_name) values ('RS','Serbia');"
190,ST,Sao Tome and Principe,"insert into counties (country_shortname, country_name) values ('SC','Seychelles');"
191,SA,Saudi Arabia,"insert into counties (country_shortname, country_name) values ('SL','Sierra Leone');"
192,SN,Senegal,"insert into counties (country_shortname, country_name) values ('SG','Singapore');"
193,RS,Serbia,"insert into counties (country_shortname, country_name) values ('SK','Slovakia');"
194,SC,Seychelles,"insert into counties (country_shortname, country_name) values ('SI','Slovenia');"
195,SL,Sierra Leone,"insert into counties (country_shortname, country_name) values ('XG','Smaller Territories of the UK');"
196,SG,Singapore,"insert into counties (country_shortname, country_name) values ('SB','Solomon Islands');"
197,SK,Slovakia,"insert into counties (country_shortname, country_name) values ('SO','Somalia');"
198,SI,Slovenia,"insert into counties (country_shortname, country_name) values ('ZA','South Africa');"
199,XG,Smaller Territories of the UK,"insert into counties (country_shortname, country_name) values ('GS','South Georgia');"
200,SB,Solomon Islands,"insert into counties (country_shortname, country_name) values ('SS','South Sudan');"
201,SO,Somalia,"insert into counties (country_shortname, country_name) values ('ES','Spain');"
202,ZA,South Africa,"insert into counties (country_shortname, country_name) values ('LK','Sri Lanka');"
203,GS,South Georgia,"insert into counties (country_shortname, country_name) values ('SD','Sudan');"
204,SS,South Sudan,"insert into counties (country_shortname, country_name) values ('SR','Suriname');"
205,ES,Spain,"insert into counties (country_shortname, country_name) values ('SJ','Svalbard And Jan Mayen Islands');"
206,LK,Sri Lanka,"insert into counties (country_shortname, country_name) values ('SZ','Swaziland');"
207,SD,Sudan,"insert into counties (country_shortname, country_name) values ('SE','Sweden');"
208,SR,Suriname,"insert into counties (country_shortname, country_name) values ('CH','Switzerland');"
209,SJ,Svalbard And Jan Mayen Islands,"insert into counties (country_shortname, country_name) values ('SY','Syria');"
210,SZ,Swaziland,"insert into counties (country_shortname, country_name) values ('TW','Taiwan');"
211,SE,Sweden,"insert into counties (country_shortname, country_name) values ('TJ','Tajikistan');"
212,CH,Switzerland,"insert into counties (country_shortname, country_name) values ('TZ','Tanzania');"
213,SY,Syria,"insert into counties (country_shortname, country_name) values ('TH','Thailand');"
214,TW,Taiwan,"insert into counties (country_shortname, country_name) values ('TG','Togo');"
215,TJ,Tajikistan,"insert into counties (country_shortname, country_name) values ('TK','Tokelau');"
216,TZ,Tanzania,"insert into counties (country_shortname, country_name) values ('TO','Tonga');"
217,TH,Thailand,"insert into counties (country_shortname, country_name) values ('TT','Trinidad And Tobago');"
218,TG,Togo,"insert into counties (country_shortname, country_name) values ('TN','Tunisia');"
219,TK,Tokelau,"insert into counties (country_shortname, country_name) values ('TR','Turkey');"
220,TO,Tonga,"insert into counties (country_shortname, country_name) values ('TM','Turkmenistan');"
221,TT,Trinidad And Tobago,"insert into counties (country_shortname, country_name) values ('TC','Turks And Caicos Islands');"
222,TN,Tunisia,"insert into counties (country_shortname, country_name) values ('TV','Tuvalu');"
223,TR,Turkey,"insert into counties (country_shortname, country_name) values ('UG','Uganda');"
224,TM,Turkmenistan,"insert into counties (country_shortname, country_name) values ('UA','Ukraine');"
225,TC,Turks And Caicos Islands,"insert into counties (country_shortname, country_name) values ('AE','United Arab Emirates');"
226,TV,Tuvalu,"insert into counties (country_shortname, country_name) values ('GB','United Kingdom');"
227,UG,Uganda,"insert into counties (country_shortname, country_name) values ('US','United States');"
228,UA,Ukraine,"insert into counties (country_shortname, country_name) values ('UM','United States Minor Outlying Islands');"
229,AE,United Arab Emirates,"insert into counties (country_shortname, country_name) values ('UY','Uruguay');"
230,GB,United Kingdom,"insert into counties (country_shortname, country_name) values ('UZ','Uzbekistan');"
231,US,United States,"insert into counties (country_shortname, country_name) values ('VU','Vanuatu');"
232,UM,United States Minor Outlying Islands,"insert into counties (country_shortname, country_name) values ('VA','Vatican City State (Holy See)');"
233,UY,Uruguay,"insert into counties (country_shortname, country_name) values ('VE','Venezuela');"
234,UZ,Uzbekistan,"insert into counties (country_shortname, country_name) values ('VN','Vietnam');"
235,VU,Vanuatu,"insert into counties (country_shortname, country_name) values ('VG','Virgin Islands (British)');"
236,VA,Vatican City State (Holy See),"insert into counties (country_shortname, country_name) values ('VI','Virgin Islands (US)');"
237,VE,Venezuela,"insert into counties (country_shortname, country_name) values ('WF','Wallis And Futuna Islands');"
238,VN,Vietnam,"insert into counties (country_shortname, country_name) values ('EH','Western Sahara');"
239,VG,Virgin Islands (British),"insert into counties (country_shortname, country_name) values ('YE','Yemen');"
240,VI,Virgin Islands (US),"insert into counties (country_shortname, country_name) values ('YU','Yugoslavia');"
241,WF,Wallis And Futuna Islands,"insert into counties (country_shortname, country_name) values ('ZM','Zambia');"
242,EH,Western Sahara,"insert into counties (country_shortname, country_name) values ('ZW','Zimbabwe');"
243,YE,Yemen,"insert into counties (country_shortname, country_name) values ('','');"
244,YU,Yugoslavia,"insert into counties (country_shortname, country_name) values ('','');"
245,ZM,Zambia,"insert into counties (country_shortname, country_name) values ('','');"
246,ZW,Zimbabwe,"insert into counties (country_shortname, country_name) values ('','');"
